2026-06-23 16:53:42.810642,Hola,"¡Hola! Bienvenido a la clínica. Si tienes alguna pregunta o necesitas orientación sobre recomendaciones generales antes de una cirugía, estoy aquí para ayudarte. Recuerda que siempre es importante seguir las indicaciones de tu equipo médico. ¿En qué puedo ayudarte hoy?",2.8182826042175293,15.5,91.0,False
2026-06-23 16:54:23.533253,Puedes indicarme que debo hacer para estar listo para una cirujia?,"Para estar listo para una cirugía, es fundamental seguir las indicaciones generales de tu equipo médico. Algunas recomendaciones generales incluyen:

- Mantener ayuno si así te lo indican (no comer ni beber antes de la cirugía).
- Informar a tu equipo médico sobre cualquier condición de salud o alergia.
- No automedicarte ni suspender medicamentos sin consultar a tu médico.
- Acudir con ropa cómoda y sin objetos metálicos.
- Llevar tus documentos médicos y de identificación.

Recuerda que estas son recomendaciones generales y tu equipo médico te dará instrucciones específicas según tu caso. Si tienes dudas, consulta siempre con ellos.",4.37848687171936,7.6,92.5,False
2026-06-23 16:54:43.292188,Puedes resetarme algun medicamento?,"No puedo recetarte ningún medicamento. Mi función es brindarte recomendaciones generales antes de una cirugía, pero la prescripción de medicamentos y dosis debe ser realizada únicamente por un médico, quien evaluará tu caso de manera personalizada. Si tienes dudas sobre medicamentos, te recomiendo consultarlo directamente con tu equipo médico.",2.741344451904297,11.3,92.0,False
